idx,task_id,episode_id,arm_type,camera,gt,pred,frame_indices,shuffled_labels,min_gap,med_gap,max_gap,stage_labels,frame_path_label_1,frame_path_label_2,frame_path_label_3,suggested_category,manual_category,notes,raw_response
6078,task_00103,89,single_left,camera_top,ZYX,XZY,"[46, 127, 180]","[""Z"", ""Y"", ""X""]",53,81,134,"[1, 4, 2]",/data/projects/GM-100/benchmark/benchmark_v1_frames_t6binary_20260324/task_00103_89_46_camera_top.jpg,/data/projects/GM-100/benchmark/benchmark_v1_frames_t6binary_20260324/task_00103_89_127_camera_top.jpg,/data/projects/GM-100/benchmark/benchmark_v1_frames_t6binary_20260324/task_00103_89_180_camera_top.jpg,模型确实不会,,,XZY
6321,task_00081,117,bimanual_sequential,camera_top,ZYX,XZY,"[1558, 1263, 1449]","[""X"", ""Z"", ""Y""]",109,186,295,"[3, 4, 1]",/data/projects/GM-100/benchmark/benchmark_v1_frames_t6binary_20260324/task_00081_117_1558_camera_top.jpg,/data/projects/GM-100/benchmark/benchmark_v1_frames_t6binary_20260324/task_00081_117_1263_camera_top.jpg,/data/projects/GM-100/benchmark/benchmark_v1_frames_t6binary_20260324/task_00081_117_1449_camera_top.jpg,模型确实不会,,,XZY
2287,task_00040,110,single_right,camera_top,ZYX,XZY,"[107, 155, 191]","[""Z"", ""Y"", ""X""]",36,48,84,"[2, 3, 4]",/data/projects/GM-100/benchmark/benchmark_v1_frames_t6binary_20260324/task_00040_110_107_camera_top.jpg,/data/projects/GM-100/benchmark/benchmark_v1_frames_t6binary_20260324/task_00040_110_155_camera_top.jpg,/data/projects/GM-100/benchmark/benchmark_v1_frames_t6binary_20260324/task_00040_110_191_camera_top.jpg,模型确实不会,,,XZY
1638,task_00050,28,single_left,camera_top,ZYX,XZY,"[6338, 5488, 5642]","[""X"", ""Z"", ""Y""]",154,696,850,"[5, 2, 3]",/data/projects/GM-100/benchmark/benchmark_v1_frames_t6binary_20260324/task_00050_28_6338_camera_top.jpg,/data/projects/GM-100/benchmark/benchmark_v1_frames_t6binary_20260324/task_00050_28_5488_camera_top.jpg,/data/projects/GM-100/benchmark/benchmark_v1_frames_t6binary_20260324/task_00050_28_5642_camera_top.jpg,模型确实不会,,,XZY
5038,task_00033,57,bimanual_sequential,camera_top,ZYX,XZY,"[115, 167, 316]","[""Z"", ""Y"", ""X""]",52,149,201,"[2, 3, 4]",/data/projects/GM-100/benchmark/benchmark_v1_frames_t6binary_20260324/task_00033_57_115_camera_top.jpg,/data/projects/GM-100/benchmark/benchmark_v1_frames_t6binary_20260324/task_00033_57_167_camera_top.jpg,/data/projects/GM-100/benchmark/benchmark_v1_frames_t6binary_20260324/task_00033_57_316_camera_top.jpg,模型确实不会,,,XZY
1767,task_00067,33,bimanual_sequential,camera_top,ZYX,XZY,"[176, 274, 922]","[""Z"", ""Y"", ""X""]",98,648,746,"[2, 3, 5]",/data/projects/GM-100/benchmark/benchmark_v1_frames_t6binary_20260324/task_00067_33_176_camera_top.jpg,/data/projects/GM-100/benchmark/benchmark_v1_frames_t6binary_20260324/task_00067_33_274_camera_top.jpg,/data/projects/GM-100/benchmark/benchmark_v1_frames_t6binary_20260324/task_00067_33_922_camera_top.jpg,模型确实不会,,,XZY
11249,task_00041,120,bimanual_sequential,camera_top,ZYX,XZY,"[425, 1614, 2567]","[""Z"", ""Y"", ""X""]",953,1189,2142,"[1, 4, 5]",/data/projects/GM-100/benchmark/benchmark_v1_frames_t6binary_20260324/task_00041_120_425_camera_top.jpg,/data/projects/GM-100/benchmark/benchmark_v1_frames_t6binary_20260324/task_00041_120_1614_camera_top.jpg,/data/projects/GM-100/benchmark/benchmark_v1_frames_t6binary_20260324/task_00041_120_2567_camera_top.jpg,模型确实不会,,,XZY
6836,task_00089,85,single_right,camera_top,ZYX,XZY,"[753, 882, 924]","[""Z"", ""Y"", ""X""]",42,129,171,"[0, 1, 5]",/data/projects/GM-100/benchmark/benchmark_v1_frames_t6binary_20260324/task_00089_85_753_camera_top.jpg,/data/projects/GM-100/benchmark/benchmark_v1_frames_t6binary_20260324/task_00089_85_882_camera_top.jpg,/data/projects/GM-100/benchmark/benchmark_v1_frames_t6binary_20260324/task_00089_85_924_camera_top.jpg,模型确实不会,,,XZY
492,task_00070,15,single_right,camera_top,XYZ,XZY,"[328, 231, 191]","[""Z"", ""Y"", ""X""]",40,97,137,"[5, 4, 3]",/data/projects/GM-100/benchmark/benchmark_v1_frames_t6binary_20260324/task_00070_15_328_camera_top.jpg,/data/projects/GM-100/benchmark/benchmark_v1_frames_t6binary_20260324/task_00070_15_231_camera_top.jpg,/data/projects/GM-100/benchmark/benchmark_v1_frames_t6binary_20260324/task_00070_15_191_camera_top.jpg,模型确实不会,,,XZY
3201,task_00106,84,single_right,camera_top,XYZ,XZY,"[1057, 814, 462]","[""Z"", ""Y"", ""X""]",243,352,595,"[5, 2, 4]",/data/projects/GM-100/benchmark/benchmark_v1_frames_t6binary_20260324/task_00106_84_1057_camera_top.jpg,/data/projects/GM-100/benchmark/benchmark_v1_frames_t6binary_20260324/task_00106_84_814_camera_top.jpg,/data/projects/GM-100/benchmark/benchmark_v1_frames_t6binary_20260324/task_00106_84_462_camera_top.jpg,模型确实不会,,,XZY
7623,task_00083,92,bimanual_sync,camera_top,XYZ,XZY,"[104, 1219, 439]","[""X"", ""Z"", ""Y""]",335,780,1115,"[3, 5, 4]",/data/projects/GM-100/benchmark/benchmark_v1_frames_t6binary_20260324/task_00083_92_104_camera_top.jpg,/data/projects/GM-100/benchmark/benchmark_v1_frames_t6binary_20260324/task_00083_92_1219_camera_top.jpg,/data/projects/GM-100/benchmark/benchmark_v1_frames_t6binary_20260324/task_00083_92_439_camera_top.jpg,模型确实不会,,,XZY
5133,task_00039,30,single_right,camera_top,XYZ,XZY,"[184, 412, 281]","[""X"", ""Z"", ""Y""]",97,131,228,"[2, 5, 4]",/data/projects/GM-100/benchmark/benchmark_v1_frames_t6binary_20260324/task_00039_30_184_camera_top.jpg,/data/projects/GM-100/benchmark/benchmark_v1_frames_t6binary_20260324/task_00039_30_412_camera_top.jpg,/data/projects/GM-100/benchmark/benchmark_v1_frames_t6binary_20260324/task_00039_30_281_camera_top.jpg,模型确实不会,,,XZY
1720,task_00046,10,single_right,camera_top,XYZ,XZY,"[1149, 1013, 337]","[""Z"", ""Y"", ""X""]",136,676,812,"[5, 3, 0]",/data/projects/GM-100/benchmark/benchmark_v1_frames_t6binary_20260324/task_00046_10_1149_camera_top.jpg,/data/projects/GM-100/benchmark/benchmark_v1_frames_t6binary_20260324/task_00046_10_1013_camera_top.jpg,/data/projects/GM-100/benchmark/benchmark_v1_frames_t6binary_20260324/task_00046_10_337_camera_top.jpg,模型确实不会,,,XZY
10411,task_00109,65,single_right,camera_top,XYZ,XZY,"[119, 579, 247]","[""X"", ""Z"", ""Y""]",128,332,460,"[1, 5, 4]",/data/projects/GM-100/benchmark/benchmark_v1_frames_t6binary_20260324/task_00109_65_119_camera_top.jpg,/data/projects/GM-100/benchmark/benchmark_v1_frames_t6binary_20260324/task_00109_65_579_camera_top.jpg,/data/projects/GM-100/benchmark/benchmark_v1_frames_t6binary_20260324/task_00109_65_247_camera_top.jpg,模型确实不会,,,XZY
1752,task_00044,28,bimanual_sequential,camera_top,ZXY,XZY,"[307, 1370, 388]","[""Z"", ""Y"", ""X""]",81,982,1063,"[0, 5, 3]",/data/projects/GM-100/benchmark/benchmark_v1_frames_t6binary_20260324/task_00044_28_307_camera_top.jpg,/data/projects/GM-100/benchmark/benchmark_v1_frames_t6binary_20260324/task_00044_28_1370_camera_top.jpg,/data/projects/GM-100/benchmark/benchmark_v1_frames_t6binary_20260324/task_00044_28_388_camera_top.jpg,题面歧义/标签偏好,,,XZY
11039,task_00020,47,bimanual_sequential,camera_top,ZXY,XZY,"[548, 1412, 612]","[""Z"", ""Y"", ""X""]",64,800,864,"[4, 5, 2]",/data/projects/GM-100/benchmark/benchmark_v1_frames_t6binary_20260324/task_00020_47_548_camera_top.jpg,/data/projects/GM-100/benchmark/benchmark_v1_frames_t6binary_20260324/task_00020_47_1412_camera_top.jpg,/data/projects/GM-100/benchmark/benchmark_v1_frames_t6binary_20260324/task_00020_47_612_camera_top.jpg,题面歧义/标签偏好,,,XZY
10389,task_00056,39,bimanual_sync,camera_top,ZXY,XZY,"[227, 161, 735]","[""X"", ""Z"", ""Y""]",66,508,574,"[1, 3, 2]",/data/projects/GM-100/benchmark/benchmark_v1_frames_t6binary_20260324/task_00056_39_227_camera_top.jpg,/data/projects/GM-100/benchmark/benchmark_v1_frames_t6binary_20260324/task_00056_39_161_camera_top.jpg,/data/projects/GM-100/benchmark/benchmark_v1_frames_t6binary_20260324/task_00056_39_735_camera_top.jpg,题面歧义/标签偏好,,,XZY
1802,task_00014,78,bimanual_sequential,camera_top,ZXY,XZY,"[1658, 484, 1803]","[""X"", ""Z"", ""Y""]",145,1174,1319,"[2, 0, 5]",/data/projects/GM-100/benchmark/benchmark_v1_frames_t6binary_20260324/task_00014_78_1658_camera_top.jpg,/data/projects/GM-100/benchmark/benchmark_v1_frames_t6binary_20260324/task_00014_78_484_camera_top.jpg,/data/projects/GM-100/benchmark/benchmark_v1_frames_t6binary_20260324/task_00014_78_1803_camera_top.jpg,题面歧义/标签偏好,,,XZY
673,task_00084,102,single_right,camera_top,ZXY,XZY,"[1421, 1288, 1642]","[""X"", ""Z"", ""Y""]",133,221,354,"[4, 2, 5]",/data/projects/GM-100/benchmark/benchmark_v1_frames_t6binary_20260324/task_00084_102_1421_camera_top.jpg,/data/projects/GM-100/benchmark/benchmark_v1_frames_t6binary_20260324/task_00084_102_1288_camera_top.jpg,/data/projects/GM-100/benchmark/benchmark_v1_frames_t6binary_20260324/task_00084_102_1642_camera_top.jpg,题面歧义/标签偏好,,,XZY
2621,task_00042,196,bimanual_sequential,camera_top,ZXY,XZY,"[409, 285, 1119]","[""X"", ""Z"", ""Y""]",124,710,834,"[4, 0, 5]",/data/projects/GM-100/benchmark/benchmark_v1_frames_t6binary_20260324/task_00042_196_409_camera_top.jpg,/data/projects/GM-100/benchmark/benchmark_v1_frames_t6binary_20260324/task_00042_196_285_camera_top.jpg,/data/projects/GM-100/benchmark/benchmark_v1_frames_t6binary_20260324/task_00042_196_1119_camera_top.jpg,题面歧义/标签偏好,,,XZY
12299,task_00032,79,single_right,camera_top,YXZ,XZY,"[2992, 78, 2380]","[""Z"", ""Y"", ""X""]",612,2302,2914,"[5, 1, 4]",/data/projects/GM-100/benchmark/benchmark_v1_frames_t6binary_20260324/task_00032_79_2992_camera_top.jpg,/data/projects/GM-100/benchmark/benchmark_v1_frames_t6binary_20260324/task_00032_79_78_camera_top.jpg,/data/projects/GM-100/benchmark/benchmark_v1_frames_t6binary_20260324/task_00032_79_2380_camera_top.jpg,模型确实不会,,,XZY
13385,task_00021,39,bimanual_sequential,camera_top,YXZ,XZY,"[2337, 2632, 1559]","[""X"", ""Z"", ""Y""]",295,778,1073,"[2, 5, 4]",/data/projects/GM-100/benchmark/benchmark_v1_frames_t6binary_20260324/task_00021_39_2337_camera_top.jpg,/data/projects/GM-100/benchmark/benchmark_v1_frames_t6binary_20260324/task_00021_39_2632_camera_top.jpg,/data/projects/GM-100/benchmark/benchmark_v1_frames_t6binary_20260324/task_00021_39_1559_camera_top.jpg,模型确实不会,,,XZY
2951,task_00081,82,bimanual_sequential,camera_top,YXZ,XZY,"[245, 1476, 1432]","[""Y"", ""Z"", ""X""]",44,1187,1231,"[1, 5, 4]",/data/projects/GM-100/benchmark/benchmark_v1_frames_t6binary_20260324/task_00081_82_245_camera_top.jpg,/data/projects/GM-100/benchmark/benchmark_v1_frames_t6binary_20260324/task_00081_82_1476_camera_top.jpg,/data/projects/GM-100/benchmark/benchmark_v1_frames_t6binary_20260324/task_00081_82_1432_camera_top.jpg,模型确实不会,,,XZY
7904,task_00006,78,bimanual_sync,camera_top,YXZ,XZY,"[654, 1441, 383]","[""X"", ""Z"", ""Y""]",271,787,1058,"[4, 3, 2]",/data/projects/GM-100/benchmark/benchmark_v1_frames_t6binary_20260324/task_00006_78_654_camera_top.jpg,/data/projects/GM-100/benchmark/benchmark_v1_frames_t6binary_20260324/task_00006_78_1441_camera_top.jpg,/data/projects/GM-100/benchmark/benchmark_v1_frames_t6binary_20260324/task_00006_78_383_camera_top.jpg,模型确实不会,,,XZY
13690,task_00007,23,single_left,camera_top,YXZ,XZY,"[238, 395, 91]","[""X"", ""Z"", ""Y""]",147,157,304,"[1, 3, 0]",/data/projects/GM-100/benchmark/benchmark_v1_frames_t6binary_20260324/task_00007_23_238_camera_top.jpg,/data/projects/GM-100/benchmark/benchmark_v1_frames_t6binary_20260324/task_00007_23_395_camera_top.jpg,/data/projects/GM-100/benchmark/benchmark_v1_frames_t6binary_20260324/task_00007_23_91_camera_top.jpg,模型确实不会,,,XZY
3403,task_00001,44,single_right,camera_top,YXZ,XZY,"[171, 384, 302]","[""Y"", ""Z"", ""X""]",82,131,213,"[1, 5, 4]",/data/projects/GM-100/benchmark/benchmark_v1_frames_t6binary_20260324/task_00001_44_171_camera_top.jpg,/data/projects/GM-100/benchmark/benchmark_v1_frames_t6binary_20260324/task_00001_44_384_camera_top.jpg,/data/projects/GM-100/benchmark/benchmark_v1_frames_t6binary_20260324/task_00001_44_302_camera_top.jpg,模型确实不会,,,XZY
5190,task_00098,76,bimanual_sequential,camera_top,YZX,XZY,"[307, 141, 81]","[""X"", ""Z"", ""Y""]",60,166,226,"[4, 3, 0]",/data/projects/GM-100/benchmark/benchmark_v1_frames_t6binary_20260324/task_00098_76_307_camera_top.jpg,/data/projects/GM-100/benchmark/benchmark_v1_frames_t6binary_20260324/task_00098_76_141_camera_top.jpg,/data/projects/GM-100/benchmark/benchmark_v1_frames_t6binary_20260324/task_00098_76_81_camera_top.jpg,题面歧义/标签偏好,,,XZY
6735,task_00050,151,single_left,camera_top,YZX,XZY,"[2671, 1955, 133]","[""X"", ""Z"", ""Y""]",716,1822,2538,"[5, 4, 0]",/data/projects/GM-100/benchmark/benchmark_v1_frames_t6binary_20260324/task_00050_151_2671_camera_top.jpg,/data/projects/GM-100/benchmark/benchmark_v1_frames_t6binary_20260324/task_00050_151_1955_camera_top.jpg,/data/projects/GM-100/benchmark/benchmark_v1_frames_t6binary_20260324/task_00050_151_133_camera_top.jpg,题面歧义/标签偏好,,,XZY
6642,task_00026,30,bimanual_sequential,camera_top,YZX,XZY,"[2458, 2403, 20]","[""X"", ""Z"", ""Y""]",55,2383,2438,"[5, 4, 0]",/data/projects/GM-100/benchmark/benchmark_v1_frames_t6binary_20260324/task_00026_30_2458_camera_top.jpg,/data/projects/GM-100/benchmark/benchmark_v1_frames_t6binary_20260324/task_00026_30_2403_camera_top.jpg,/data/projects/GM-100/benchmark/benchmark_v1_frames_t6binary_20260324/task_00026_30_20_camera_top.jpg,题面歧义/标签偏好,,,XZY
13220,task_00031,70,single_right,camera_top,YZX,XZY,"[464, 144, 98]","[""X"", ""Z"", ""Y""]",46,320,366,"[5, 3, 0]",/data/projects/GM-100/benchmark/benchmark_v1_frames_t6binary_20260324/task_00031_70_464_camera_top.jpg,/data/projects/GM-100/benchmark/benchmark_v1_frames_t6binary_20260324/task_00031_70_144_camera_top.jpg,/data/projects/GM-100/benchmark/benchmark_v1_frames_t6binary_20260324/task_00031_70_98_camera_top.jpg,题面歧义/标签偏好,,,XZY
1155,task_00010,39,single_right,camera_top,YZX,XZY,"[339, 288, 127]","[""X"", ""Z"", ""Y""]",51,161,212,"[2, 1, 3]",/data/projects/GM-100/benchmark/benchmark_v1_frames_t6binary_20260324/task_00010_39_339_camera_top.jpg,/data/projects/GM-100/benchmark/benchmark_v1_frames_t6binary_20260324/task_00010_39_288_camera_top.jpg,/data/projects/GM-100/benchmark/benchmark_v1_frames_t6binary_20260324/task_00010_39_127_camera_top.jpg,题面歧义/标签偏好,,,XZY
9966,task_00093,53,single_right,camera_top,ZYX,XYZ,"[329, 67, 752]","[""Y"", ""Z"", ""X""]",262,423,685,"[4, 1, 5]",/data/projects/GM-100/benchmark/benchmark_v1_frames_t6binary_20260324/task_00093_53_329_camera_top.jpg,/data/projects/GM-100/benchmark/benchmark_v1_frames_t6binary_20260324/task_00093_53_67_camera_top.jpg,/data/projects/GM-100/benchmark/benchmark_v1_frames_t6binary_20260324/task_00093_53_752_camera_top.jpg,题面歧义/标签偏好,,,XYZ
3675,task_00046,21,single_right,camera_top,ZYX,XYZ,"[836, 325, 951]","[""Y"", ""Z"", ""X""]",115,511,626,"[1, 3, 5]",/data/projects/GM-100/benchmark/benchmark_v1_frames_t6binary_20260324/task_00046_21_836_camera_top.jpg,/data/projects/GM-100/benchmark/benchmark_v1_frames_t6binary_20260324/task_00046_21_325_camera_top.jpg,/data/projects/GM-100/benchmark/benchmark_v1_frames_t6binary_20260324/task_00046_21_951_camera_top.jpg,题面歧义/标签偏好,,,XYZ
9262,task_00095,87,single_right,camera_top,ZYX,XYZ,"[882, 715, 297]","[""X"", ""Y"", ""Z""]",167,418,585,"[5, 3, 0]",/data/projects/GM-100/benchmark/benchmark_v1_frames_t6binary_20260324/task_00095_87_882_camera_top.jpg,/data/projects/GM-100/benchmark/benchmark_v1_frames_t6binary_20260324/task_00095_87_715_camera_top.jpg,/data/projects/GM-100/benchmark/benchmark_v1_frames_t6binary_20260324/task_00095_87_297_camera_top.jpg,题面歧义/标签偏好,,,XYZ
7945,task_00055,113,bimanual_sequential,camera_top,ZYX,XYZ,"[1356, 1247, 408]","[""X"", ""Y"", ""Z""]",109,839,948,"[3, 4, 2]",/data/projects/GM-100/benchmark/benchmark_v1_frames_t6binary_20260324/task_00055_113_1356_camera_top.jpg,/data/projects/GM-100/benchmark/benchmark_v1_frames_t6binary_20260324/task_00055_113_1247_camera_top.jpg,/data/projects/GM-100/benchmark/benchmark_v1_frames_t6binary_20260324/task_00055_113_408_camera_top.jpg,题面歧义/标签偏好,,,XYZ
12224,task_00071,33,bimanual_sequential,camera_top,ZYX,XYZ,"[1, 40, 95]","[""Z"", ""Y"", ""X""]",39,55,94,"[2, 3, 4]",/data/projects/GM-100/benchmark/benchmark_v1_frames_t6binary_20260324/task_00071_33_1_camera_top.jpg,/data/projects/GM-100/benchmark/benchmark_v1_frames_t6binary_20260324/task_00071_33_40_camera_top.jpg,/data/projects/GM-100/benchmark/benchmark_v1_frames_t6binary_20260324/task_00071_33_95_camera_top.jpg,题面歧义/标签偏好,,,XYZ
6573,task_00082,75,single_left,camera_top,YXZ,XYZ,"[884, 1636, 1136]","[""Y"", ""Z"", ""X""]",252,500,752,"[1, 5, 4]",/data/projects/GM-100/benchmark/benchmark_v1_frames_t6binary_20260324/task_00082_75_884_camera_top.jpg,/data/projects/GM-100/benchmark/benchmark_v1_frames_t6binary_20260324/task_00082_75_1636_camera_top.jpg,/data/projects/GM-100/benchmark/benchmark_v1_frames_t6binary_20260324/task_00082_75_1136_camera_top.jpg,题面歧义/标签偏好,,,XYZ
6999,task_00010,111,single_right,camera_top,YXZ,XYZ,"[234, 128, 1090]","[""X"", ""Y"", ""Z""]",106,856,962,"[1, 0, 5]",/data/projects/GM-100/benchmark/benchmark_v1_frames_t6binary_20260324/task_00010_111_234_camera_top.jpg,/data/projects/GM-100/benchmark/benchmark_v1_frames_t6binary_20260324/task_00010_111_128_camera_top.jpg,/data/projects/GM-100/benchmark/benchmark_v1_frames_t6binary_20260324/task_00010_111_1090_camera_top.jpg,题面歧义/标签偏好,,,XYZ
2666,task_00032,29,single_right,camera_top,YXZ,XYZ,"[586, 413, 762]","[""X"", ""Y"", ""Z""]",173,176,349,"[1, 0, 3]",/data/projects/GM-100/benchmark/benchmark_v1_frames_t6binary_20260324/task_00032_29_586_camera_top.jpg,/data/projects/GM-100/benchmark/benchmark_v1_frames_t6binary_20260324/task_00032_29_413_camera_top.jpg,/data/projects/GM-100/benchmark/benchmark_v1_frames_t6binary_20260324/task_00032_29_762_camera_top.jpg,题面歧义/标签偏好,,,XYZ
4454,task_00074,17,bimanual_sync,camera_top,YXZ,XYZ,"[104, 976, 709]","[""Y"", ""Z"", ""X""]",267,605,872,"[1, 5, 4]",/data/projects/GM-100/benchmark/benchmark_v1_frames_t6binary_20260324/task_00074_17_104_camera_top.jpg,/data/projects/GM-100/benchmark/benchmark_v1_frames_t6binary_20260324/task_00074_17_976_camera_top.jpg,/data/projects/GM-100/benchmark/benchmark_v1_frames_t6binary_20260324/task_00074_17_709_camera_top.jpg,题面歧义/标签偏好,,,XYZ
183,task_00009,57,single_right,camera_top,YXZ,XYZ,"[25, 588, 452]","[""Y"", ""Z"", ""X""]",136,427,563,"[0, 5, 4]",/data/projects/GM-100/benchmark/benchmark_v1_frames_t6binary_20260324/task_00009_57_25_camera_top.jpg,/data/projects/GM-100/benchmark/benchmark_v1_frames_t6binary_20260324/task_00009_57_588_camera_top.jpg,/data/projects/GM-100/benchmark/benchmark_v1_frames_t6binary_20260324/task_00009_57_452_camera_top.jpg,题面歧义/标签偏好,,,XYZ
6796,task_00057,53,bimanual_sync,camera_top,YZX,XYZ,"[1198, 3532, 4137]","[""Y"", ""Z"", ""X""]",605,2334,2939,"[1, 4, 5]",/data/projects/GM-100/benchmark/benchmark_v1_frames_t6binary_20260324/task_00057_53_1198_camera_top.jpg,/data/projects/GM-100/benchmark/benchmark_v1_frames_t6binary_20260324/task_00057_53_3532_camera_top.jpg,/data/projects/GM-100/benchmark/benchmark_v1_frames_t6binary_20260324/task_00057_53_4137_camera_top.jpg,模型确实不会,,,XYZ
5428,task_00035,55,bimanual_sync,camera_top,YZX,XYZ,"[1487, 843, 1221]","[""X"", ""Y"", ""Z""]",266,378,644,"[5, 1, 2]",/data/projects/GM-100/benchmark/benchmark_v1_frames_t6binary_20260324/task_00035_55_1487_camera_top.jpg,/data/projects/GM-100/benchmark/benchmark_v1_frames_t6binary_20260324/task_00035_55_843_camera_top.jpg,/data/projects/GM-100/benchmark/benchmark_v1_frames_t6binary_20260324/task_00035_55_1221_camera_top.jpg,模型确实不会,,,XYZ
6997,task_00065,63,bimanual_sequential,camera_top,YZX,XYZ,"[370, 683, 837]","[""Y"", ""Z"", ""X""]",154,313,467,"[2, 4, 5]",/data/projects/GM-100/benchmark/benchmark_v1_frames_t6binary_20260324/task_00065_63_370_camera_top.jpg,/data/projects/GM-100/benchmark/benchmark_v1_frames_t6binary_20260324/task_00065_63_683_camera_top.jpg,/data/projects/GM-100/benchmark/benchmark_v1_frames_t6binary_20260324/task_00065_63_837_camera_top.jpg,模型确实不会,,,XYZ
11135,task_00110,0,bimanual_sequential,camera_top,YZX,XYZ,"[1353, 642, 1174]","[""X"", ""Y"", ""Z""]",179,532,711,"[5, 4, 1]",/data/projects/GM-100/benchmark/benchmark_v1_frames_t6binary_20260324/task_00110_0_1353_camera_top.jpg,/data/projects/GM-100/benchmark/benchmark_v1_frames_t6binary_20260324/task_00110_0_642_camera_top.jpg,/data/projects/GM-100/benchmark/benchmark_v1_frames_t6binary_20260324/task_00110_0_1174_camera_top.jpg,模型确实不会,,,XYZ
9660,task_00023,225,bimanual_sequential,camera_top,YZX,XYZ,"[427, 459, 512]","[""Y"", ""Z"", ""X""]",32,53,85,"[0, 3, 4]",/data/projects/GM-100/benchmark/benchmark_v1_frames_t6binary_20260324/task_00023_225_427_camera_top.jpg,/data/projects/GM-100/benchmark/benchmark_v1_frames_t6binary_20260324/task_00023_225_459_camera_top.jpg,/data/projects/GM-100/benchmark/benchmark_v1_frames_t6binary_20260324/task_00023_225_512_camera_top.jpg,模型确实不会,,,XYZ
2325,task_00019,42,bimanual_sequential,camera_top,ZXY,XYZ,"[1067, 1156, 588]","[""X"", ""Y"", ""Z""]",89,479,568,"[3, 5, 2]",/data/projects/GM-100/benchmark/benchmark_v1_frames_t6binary_20260324/task_00019_42_1067_camera_top.jpg,/data/projects/GM-100/benchmark/benchmark_v1_frames_t6binary_20260324/task_00019_42_1156_camera_top.jpg,/data/projects/GM-100/benchmark/benchmark_v1_frames_t6binary_20260324/task_00019_42_588_camera_top.jpg,模型确实不会,,,XYZ
5356,task_00033,55,bimanual_sequential,camera_top,ZXY,XYZ,"[290, 321, 121]","[""X"", ""Y"", ""Z""]",31,169,200,"[3, 4, 0]",/data/projects/GM-100/benchmark/benchmark_v1_frames_t6binary_20260324/task_00033_55_290_camera_top.jpg,/data/projects/GM-100/benchmark/benchmark_v1_frames_t6binary_20260324/task_00033_55_321_camera_top.jpg,/data/projects/GM-100/benchmark/benchmark_v1_frames_t6binary_20260324/task_00033_55_121_camera_top.jpg,模型确实不会,,,XYZ
4221,task_00028,111,single_right,camera_top,ZXY,XYZ,"[838, 140, 190]","[""Y"", ""Z"", ""X""]",50,648,698,"[5, 1, 3]",/data/projects/GM-100/benchmark/benchmark_v1_frames_t6binary_20260324/task_00028_111_838_camera_top.jpg,/data/projects/GM-100/benchmark/benchmark_v1_frames_t6binary_20260324/task_00028_111_140_camera_top.jpg,/data/projects/GM-100/benchmark/benchmark_v1_frames_t6binary_20260324/task_00028_111_190_camera_top.jpg,模型确实不会,,,XYZ
11149,task_00019,90,bimanual_sequential,camera_top,ZXY,XYZ,"[837, 982, 157]","[""X"", ""Y"", ""Z""]",145,680,825,"[2, 5, 0]",/data/projects/GM-100/benchmark/benchmark_v1_frames_t6binary_20260324/task_00019_90_837_camera_top.jpg,/data/projects/GM-100/benchmark/benchmark_v1_frames_t6binary_20260324/task_00019_90_982_camera_top.jpg,/data/projects/GM-100/benchmark/benchmark_v1_frames_t6binary_20260324/task_00019_90_157_camera_top.jpg,模型确实不会,,,XYZ
8557,task_00043,81,bimanual_sequential,camera_top,XZY,XYZ,"[1144, 875, 116]","[""Y"", ""Z"", ""X""]",269,759,1028,"[5, 1, 0]",/data/projects/GM-100/benchmark/benchmark_v1_frames_t6binary_20260324/task_00043_81_1144_camera_top.jpg,/data/projects/GM-100/benchmark/benchmark_v1_frames_t6binary_20260324/task_00043_81_875_camera_top.jpg,/data/projects/GM-100/benchmark/benchmark_v1_frames_t6binary_20260324/task_00043_81_116_camera_top.jpg,模型确实不会,,,XYZ
10532,task_00071,112,bimanual_sequential,camera_top,XZY,XYZ,"[1010, 409, 217]","[""Y"", ""Z"", ""X""]",192,601,793,"[5, 3, 1]",/data/projects/GM-100/benchmark/benchmark_v1_frames_t6binary_20260324/task_00071_112_1010_camera_top.jpg,/data/projects/GM-100/benchmark/benchmark_v1_frames_t6binary_20260324/task_00071_112_409_camera_top.jpg,/data/projects/GM-100/benchmark/benchmark_v1_frames_t6binary_20260324/task_00071_112_217_camera_top.jpg,模型确实不会,,,XYZ
3834,task_00040,34,single_right,camera_top,XZY,XYZ,"[797, 499, 407]","[""Y"", ""Z"", ""X""]",92,298,390,"[5, 1, 3]",/data/projects/GM-100/benchmark/benchmark_v1_frames_t6binary_20260324/task_00040_34_797_camera_top.jpg,/data/projects/GM-100/benchmark/benchmark_v1_frames_t6binary_20260324/task_00040_34_499_camera_top.jpg,/data/projects/GM-100/benchmark/benchmark_v1_frames_t6binary_20260324/task_00040_34_407_camera_top.jpg,模型确实不会,,,XYZ
447,task_00047,38,bimanual_sequential,camera_top,XZY,XYZ,"[1265, 2220, 2080]","[""X"", ""Y"", ""Z""]",140,815,955,"[4, 5, 2]",/data/projects/GM-100/benchmark/benchmark_v1_frames_t6binary_20260324/task_00047_38_1265_camera_top.jpg,/data/projects/GM-100/benchmark/benchmark_v1_frames_t6binary_20260324/task_00047_38_2220_camera_top.jpg,/data/projects/GM-100/benchmark/benchmark_v1_frames_t6binary_20260324/task_00047_38_2080_camera_top.jpg,模型确实不会,,,XYZ
10346,task_00035,81,bimanual_sync,camera_top,YXZ,ZYX,"[1572, 385, 2040]","[""X"", ""Y"", ""Z""]",468,1187,1655,"[3, 0, 5]",/data/projects/GM-100/benchmark/benchmark_v1_frames_t6binary_20260324/task_00035_81_1572_camera_top.jpg,/data/projects/GM-100/benchmark/benchmark_v1_frames_t6binary_20260324/task_00035_81_385_camera_top.jpg,/data/projects/GM-100/benchmark/benchmark_v1_frames_t6binary_20260324/task_00035_81_2040_camera_top.jpg,模型确实不会,,,ZYX
9162,task_00029,156,bimanual_sync,camera_top,YXZ,ZYX,"[610, 234, 850]","[""X"", ""Y"", ""Z""]",240,376,616,"[4, 1, 5]",/data/projects/GM-100/benchmark/benchmark_v1_frames_t6binary_20260324/task_00029_156_610_camera_top.jpg,/data/projects/GM-100/benchmark/benchmark_v1_frames_t6binary_20260324/task_00029_156_234_camera_top.jpg,/data/projects/GM-100/benchmark/benchmark_v1_frames_t6binary_20260324/task_00029_156_850_camera_top.jpg,模型确实不会,,,ZYX
13498,task_00035,65,bimanual_sync,camera_top,YXZ,ZYX,"[1171, 196, 1221]","[""X"", ""Y"", ""Z""]",50,975,1025,"[4, 1, 5]",/data/projects/GM-100/benchmark/benchmark_v1_frames_t6binary_20260324/task_00035_65_1171_camera_top.jpg,/data/projects/GM-100/benchmark/benchmark_v1_frames_t6binary_20260324/task_00035_65_196_camera_top.jpg,/data/projects/GM-100/benchmark/benchmark_v1_frames_t6binary_20260324/task_00035_65_1221_camera_top.jpg,模型确实不会,,,ZYX
4683,task_00110,129,bimanual_sequential,camera_top,YXZ,ZYX,"[417, 197, 281]","[""Z"", ""Y"", ""X""]",84,136,220,"[4, 0, 3]",/data/projects/GM-100/benchmark/benchmark_v1_frames_t6binary_20260324/task_00110_129_417_camera_top.jpg,/data/projects/GM-100/benchmark/benchmark_v1_frames_t6binary_20260324/task_00110_129_197_camera_top.jpg,/data/projects/GM-100/benchmark/benchmark_v1_frames_t6binary_20260324/task_00110_129_281_camera_top.jpg,模型确实不会,,,ZYX
3785,task_00030,141,single_left,camera_top,ZXY,YXZ,"[698, 467, 177]","[""Y"", ""X"", ""Z""]",231,290,521,"[5, 4, 1]",/data/projects/GM-100/benchmark/benchmark_v1_frames_t6binary_20260324/task_00030_141_698_camera_top.jpg,/data/projects/GM-100/benchmark/benchmark_v1_frames_t6binary_20260324/task_00030_141_467_camera_top.jpg,/data/projects/GM-100/benchmark/benchmark_v1_frames_t6binary_20260324/task_00030_141_177_camera_top.jpg,模型确实不会,,,YXZ
13649,task_00022,8,bimanual_sequential,camera_top,ZXY,YXZ,"[2181, 1914, 246]","[""Y"", ""X"", ""Z""]",267,1668,1935,"[5, 4, 2]",/data/projects/GM-100/benchmark/benchmark_v1_frames_t6binary_20260324/task_00022_8_2181_camera_top.jpg,/data/projects/GM-100/benchmark/benchmark_v1_frames_t6binary_20260324/task_00022_8_1914_camera_top.jpg,/data/projects/GM-100/benchmark/benchmark_v1_frames_t6binary_20260324/task_00022_8_246_camera_top.jpg,模型确实不会,,,YXZ
3268,task_00093,61,single_right,camera_top,ZXY,YXZ,"[436, 373, 23]","[""Y"", ""X"", ""Z""]",63,350,413,"[5, 4, 0]",/data/projects/GM-100/benchmark/benchmark_v1_frames_t6binary_20260324/task_00093_61_436_camera_top.jpg,/data/projects/GM-100/benchmark/benchmark_v1_frames_t6binary_20260324/task_00093_61_373_camera_top.jpg,/data/projects/GM-100/benchmark/benchmark_v1_frames_t6binary_20260324/task_00093_61_23_camera_top.jpg,模型确实不会,,,YXZ
9276,task_00089,76,single_right,camera_top,ZXY,YXZ,"[643, 396, 177]","[""Y"", ""X"", ""Z""]",219,247,466,"[4, 1, 0]",/data/projects/GM-100/benchmark/benchmark_v1_frames_t6binary_20260324/task_00089_76_643_camera_top.jpg,/data/projects/GM-100/benchmark/benchmark_v1_frames_t6binary_20260324/task_00089_76_396_camera_top.jpg,/data/projects/GM-100/benchmark/benchmark_v1_frames_t6binary_20260324/task_00089_76_177_camera_top.jpg,模型确实不会,,,YXZ
6804,task_00009,84,single_right,camera_top,ZYX,YXZ,"[495, 551, 26]","[""Y"", ""X"", ""Z""]",56,469,525,"[4, 5, 0]",/data/projects/GM-100/benchmark/benchmark_v1_frames_t6binary_20260324/task_00009_84_495_camera_top.jpg,/data/projects/GM-100/benchmark/benchmark_v1_frames_t6binary_20260324/task_00009_84_551_camera_top.jpg,/data/projects/GM-100/benchmark/benchmark_v1_frames_t6binary_20260324/task_00009_84_26_camera_top.jpg,模型确实不会,,,YXZ
7595,task_00093,58,single_right,camera_top,ZYX,YXZ,"[92, 449, 25]","[""Y"", ""X"", ""Z""]",67,357,424,"[1, 4, 0]",/data/projects/GM-100/benchmark/benchmark_v1_frames_t6binary_20260324/task_00093_58_92_camera_top.jpg,/data/projects/GM-100/benchmark/benchmark_v1_frames_t6binary_20260324/task_00093_58_449_camera_top.jpg,/data/projects/GM-100/benchmark/benchmark_v1_frames_t6binary_20260324/task_00093_58_25_camera_top.jpg,模型确实不会,,,YXZ
2590,task_00020,55,bimanual_sequential,camera_top,ZYX,YXZ,"[248, 1473, 146]","[""Y"", ""X"", ""Z""]",102,1225,1327,"[1, 4, 0]",/data/projects/GM-100/benchmark/benchmark_v1_frames_t6binary_20260324/task_00020_55_248_camera_top.jpg,/data/projects/GM-100/benchmark/benchmark_v1_frames_t6binary_20260324/task_00020_55_1473_camera_top.jpg,/data/projects/GM-100/benchmark/benchmark_v1_frames_t6binary_20260324/task_00020_55_146_camera_top.jpg,模型确实不会,,,YXZ
2512,task_00062,96,bimanual_sequential,camera_top,YZX,YXZ,"[151, 1903, 402]","[""Y"", ""X"", ""Z""]",251,1501,1752,"[1, 5, 4]",/data/projects/GM-100/benchmark/benchmark_v1_frames_t6binary_20260324/task_00062_96_151_camera_top.jpg,/data/projects/GM-100/benchmark/benchmark_v1_frames_t6binary_20260324/task_00062_96_1903_camera_top.jpg,/data/projects/GM-100/benchmark/benchmark_v1_frames_t6binary_20260324/task_00062_96_402_camera_top.jpg,模型确实不会,,,YXZ
10202,task_00003,135,single_left,camera_top,YZX,YXZ,"[949, 1435, 1143]","[""Y"", ""X"", ""Z""]",194,292,486,"[1, 5, 4]",/data/projects/GM-100/benchmark/benchmark_v1_frames_t6binary_20260324/task_00003_135_949_camera_top.jpg,/data/projects/GM-100/benchmark/benchmark_v1_frames_t6binary_20260324/task_00003_135_1435_camera_top.jpg,/data/projects/GM-100/benchmark/benchmark_v1_frames_t6binary_20260324/task_00003_135_1143_camera_top.jpg,模型确实不会,,,YXZ
3590,task_00017,71,bimanual_sequential,camera_top,YZX,YXZ,"[1065, 1851, 1106]","[""Y"", ""X"", ""Z""]",41,745,786,"[1, 2, 3]",/data/projects/GM-100/benchmark/benchmark_v1_frames_t6binary_20260324/task_00017_71_1065_camera_top.jpg,/data/projects/GM-100/benchmark/benchmark_v1_frames_t6binary_20260324/task_00017_71_1851_camera_top.jpg,/data/projects/GM-100/benchmark/benchmark_v1_frames_t6binary_20260324/task_00017_71_1106_camera_top.jpg,模型确实不会,,,YXZ
4630,task_00065,78,bimanual_sequential,camera_top,XYZ,YXZ,"[1204, 36, 1354]","[""Y"", ""X"", ""Z""]",150,1168,1318,"[3, 2, 5]",/data/projects/GM-100/benchmark/benchmark_v1_frames_t6binary_20260324/task_00065_78_1204_camera_top.jpg,/data/projects/GM-100/benchmark/benchmark_v1_frames_t6binary_20260324/task_00065_78_36_camera_top.jpg,/data/projects/GM-100/benchmark/benchmark_v1_frames_t6binary_20260324/task_00065_78_1354_camera_top.jpg,模型确实不会,,,YXZ
9146,task_00086,81,single_left,camera_top,XYZ,YXZ,"[359, 313, 583]","[""Y"", ""X"", ""Z""]",46,224,270,"[3, 0, 5]",/data/projects/GM-100/benchmark/benchmark_v1_frames_t6binary_20260324/task_00086_81_359_camera_top.jpg,/data/projects/GM-100/benchmark/benchmark_v1_frames_t6binary_20260324/task_00086_81_313_camera_top.jpg,/data/projects/GM-100/benchmark/benchmark_v1_frames_t6binary_20260324/task_00086_81_583_camera_top.jpg,模型确实不会,,,YXZ
9890,task_00104,129,single_right,camera_top,XYZ,YXZ,"[435, 249, 589]","[""Y"", ""X"", ""Z""]",154,186,340,"[3, 2, 5]",/data/projects/GM-100/benchmark/benchmark_v1_frames_t6binary_20260324/task_00104_129_435_camera_top.jpg,/data/projects/GM-100/benchmark/benchmark_v1_frames_t6binary_20260324/task_00104_129_249_camera_top.jpg,/data/projects/GM-100/benchmark/benchmark_v1_frames_t6binary_20260324/task_00104_129_589_camera_top.jpg,模型确实不会,,,YXZ
9386,task_00079,12,bimanual_sequential,camera_top,YZX,ZYX,"[1134, 133, 1317]","[""Z"", ""Y"", ""X""]",183,1001,1184,"[4, 2, 5]",/data/projects/GM-100/benchmark/benchmark_v1_frames_t6binary_20260324/task_00079_12_1134_camera_top.jpg,/data/projects/GM-100/benchmark/benchmark_v1_frames_t6binary_20260324/task_00079_12_133_camera_top.jpg,/data/projects/GM-100/benchmark/benchmark_v1_frames_t6binary_20260324/task_00079_12_1317_camera_top.jpg,模型确实不会,,,ZYX
2518,task_00110,65,bimanual_sequential,camera_top,YZX,ZYX,"[224, 4, 349]","[""Z"", ""Y"", ""X""]",125,220,345,"[3, 2, 4]",/data/projects/GM-100/benchmark/benchmark_v1_frames_t6binary_20260324/task_00110_65_224_camera_top.jpg,/data/projects/GM-100/benchmark/benchmark_v1_frames_t6binary_20260324/task_00110_65_4_camera_top.jpg,/data/projects/GM-100/benchmark/benchmark_v1_frames_t6binary_20260324/task_00110_65_349_camera_top.jpg,模型确实不会,,,ZYX
6590,task_00060,122,single_left,camera_top,YZX,ZYX,"[313, 357, 262]","[""Z"", ""X"", ""Y""]",44,51,95,"[4, 5, 1]",/data/projects/GM-100/benchmark/benchmark_v1_frames_t6binary_20260324/task_00060_122_313_camera_top.jpg,/data/projects/GM-100/benchmark/benchmark_v1_frames_t6binary_20260324/task_00060_122_357_camera_top.jpg,/data/projects/GM-100/benchmark/benchmark_v1_frames_t6binary_20260324/task_00060_122_262_camera_top.jpg,模型确实不会,,,ZYX
7940,task_00069,60,single_left,camera_top,ZXY,ZYX,"[329, 1359, 1212]","[""Z"", ""Y"", ""X""]",147,883,1030,"[1, 5, 4]",/data/projects/GM-100/benchmark/benchmark_v1_frames_t6binary_20260324/task_00069_60_329_camera_top.jpg,/data/projects/GM-100/benchmark/benchmark_v1_frames_t6binary_20260324/task_00069_60_1359_camera_top.jpg,/data/projects/GM-100/benchmark/benchmark_v1_frames_t6binary_20260324/task_00069_60_1212_camera_top.jpg,模型确实不会,,,ZYX
7474,task_00012,226,bimanual_sync,camera_top,ZXY,ZYX,"[216, 378, 121]","[""X"", ""Y"", ""Z""]",95,162,257,"[3, 2, 0]",/data/projects/GM-100/benchmark/benchmark_v1_frames_t6binary_20260324/task_00012_226_216_camera_top.jpg,/data/projects/GM-100/benchmark/benchmark_v1_frames_t6binary_20260324/task_00012_226_378_camera_top.jpg,/data/projects/GM-100/benchmark/benchmark_v1_frames_t6binary_20260324/task_00012_226_121_camera_top.jpg,模型确实不会,,,ZYX
10564,task_00044,96,bimanual_sequential,camera_top,ZXY,ZYX,"[1359, 1440, 150]","[""X"", ""Y"", ""Z""]",81,1209,1290,"[4, 5, 0]",/data/projects/GM-100/benchmark/benchmark_v1_frames_t6binary_20260324/task_00044_96_1359_camera_top.jpg,/data/projects/GM-100/benchmark/benchmark_v1_frames_t6binary_20260324/task_00044_96_1440_camera_top.jpg,/data/projects/GM-100/benchmark/benchmark_v1_frames_t6binary_20260324/task_00044_96_150_camera_top.jpg,模型确实不会,,,ZYX
1178,task_00015,54,bimanual_sync,camera_top,ZXY,YZX,"[309, 515, 662]","[""Z"", ""X"", ""Y""]",147,206,353,"[1, 4, 5]",/data/projects/GM-100/benchmark/benchmark_v1_frames_t6binary_20260324/task_00015_54_309_camera_top.jpg,/data/projects/GM-100/benchmark/benchmark_v1_frames_t6binary_20260324/task_00015_54_515_camera_top.jpg,/data/projects/GM-100/benchmark/benchmark_v1_frames_t6binary_20260324/task_00015_54_662_camera_top.jpg,模型确实不会,,,YZX
3562,task_00032,66,single_right,camera_top,ZXY,YZX,"[1438, 1499, 1943]","[""Z"", ""X"", ""Y""]",61,444,505,"[3, 4, 1]",/data/projects/GM-100/benchmark/benchmark_v1_frames_t6binary_20260324/task_00032_66_1438_camera_top.jpg,/data/projects/GM-100/benchmark/benchmark_v1_frames_t6binary_20260324/task_00032_66_1499_camera_top.jpg,/data/projects/GM-100/benchmark/benchmark_v1_frames_t6binary_20260324/task_00032_66_1943_camera_top.jpg,模型确实不会,,,YZX
6575,task_00030,0,single_left,camera_top,ZYX,YZX,"[161, 808, 333]","[""Z"", ""X"", ""Y""]",172,475,647,"[1, 5, 4]",/data/projects/GM-100/benchmark/benchmark_v1_frames_t6binary_20260324/task_00030_0_161_camera_top.jpg,/data/projects/GM-100/benchmark/benchmark_v1_frames_t6binary_20260324/task_00030_0_808_camera_top.jpg,/data/projects/GM-100/benchmark/benchmark_v1_frames_t6binary_20260324/task_00030_0_333_camera_top.jpg,模型确实不会,,,YZX
11156,task_00085,40,bimanual_sequential,camera_top,ZYX,YZX,"[184, 495, 235]","[""Z"", ""X"", ""Y""]",51,260,311,"[1, 5, 3]",/data/projects/GM-100/benchmark/benchmark_v1_frames_t6binary_20260324/task_00085_40_184_camera_top.jpg,/data/projects/GM-100/benchmark/benchmark_v1_frames_t6binary_20260324/task_00085_40_495_camera_top.jpg,/data/projects/GM-100/benchmark/benchmark_v1_frames_t6binary_20260324/task_00085_40_235_camera_top.jpg,模型确实不会,,,YZX
4840,task_00095,142,single_right,camera_top,XZY,ZYX,"[423, 964, 794]","[""X"", ""Y"", ""Z""]",170,371,541,"[3, 5, 2]",/data/projects/GM-100/benchmark/benchmark_v1_frames_t6binary_20260324/task_00095_142_423_camera_top.jpg,/data/projects/GM-100/benchmark/benchmark_v1_frames_t6binary_20260324/task_00095_142_964_camera_top.jpg,/data/projects/GM-100/benchmark/benchmark_v1_frames_t6binary_20260324/task_00095_142_794_camera_top.jpg,模型确实不会,,,ZYX
7864,task_00091,45,bimanual_sequential,camera_top,XZY,ZYX,"[181, 901, 747]","[""X"", ""Y"", ""Z""]",154,566,720,"[2, 5, 3]",/data/projects/GM-100/benchmark/benchmark_v1_frames_t6binary_20260324/task_00091_45_181_camera_top.jpg,/data/projects/GM-100/benchmark/benchmark_v1_frames_t6binary_20260324/task_00091_45_901_camera_top.jpg,/data/projects/GM-100/benchmark/benchmark_v1_frames_t6binary_20260324/task_00091_45_747_camera_top.jpg,模型确实不会,,,ZYX
11908,task_00084,85,single_right,camera_top,XYZ,ZYX,"[695, 779, 1064]","[""X"", ""Y"", ""Z""]",84,285,369,"[0, 4, 2]",/data/projects/GM-100/benchmark/benchmark_v1_frames_t6binary_20260324/task_00084_85_695_camera_top.jpg,/data/projects/GM-100/benchmark/benchmark_v1_frames_t6binary_20260324/task_00084_85_779_camera_top.jpg,/data/projects/GM-100/benchmark/benchmark_v1_frames_t6binary_20260324/task_00084_85_1064_camera_top.jpg,模型确实不会,,,ZYX
9247,task_00085,64,bimanual_sequential,camera_top,XYZ,ZYX,"[660, 413, 167]","[""Z"", ""Y"", ""X""]",246,247,493,"[5, 4, 0]",/data/projects/GM-100/benchmark/benchmark_v1_frames_t6binary_20260324/task_00085_64_660_camera_top.jpg,/data/projects/GM-100/benchmark/benchmark_v1_frames_t6binary_20260324/task_00085_64_413_camera_top.jpg,/data/projects/GM-100/benchmark/benchmark_v1_frames_t6binary_20260324/task_00085_64_167_camera_top.jpg,模型确实不会,,,ZYX
6063,task_00105,136,bimanual_sync,camera_top,YXZ,YZX,"[542, 1539, 458]","[""X"", ""Z"", ""Y""]",84,997,1081,"[3, 5, 2]",/data/projects/GM-100/benchmark/benchmark_v1_frames_t6binary_20260324/task_00105_136_542_camera_top.jpg,/data/projects/GM-100/benchmark/benchmark_v1_frames_t6binary_20260324/task_00105_136_1539_camera_top.jpg,/data/projects/GM-100/benchmark/benchmark_v1_frames_t6binary_20260324/task_00105_136_458_camera_top.jpg,模型确实不会,,,YZX
1317,task_00020,65,bimanual_sequential,camera_top,YXZ,YZX,"[279, 605, 333]","[""Y"", ""Z"", ""X""]",54,272,326,"[2, 5, 3]",/data/projects/GM-100/benchmark/benchmark_v1_frames_t6binary_20260324/task_00020_65_279_camera_top.jpg,/data/projects/GM-100/benchmark/benchmark_v1_frames_t6binary_20260324/task_00020_65_605_camera_top.jpg,/data/projects/GM-100/benchmark/benchmark_v1_frames_t6binary_20260324/task_00020_65_333_camera_top.jpg,模型确实不会,,,YZX
11162,task_00027,23,bimanual_sequential,camera_top,XZY,YZX,"[1835, 1177, 899]","[""Y"", ""Z"", ""X""]",278,658,936,"[5, 1, 4]",/data/projects/GM-100/benchmark/benchmark_v1_frames_t6binary_20260324/task_00027_23_1835_camera_top.jpg,/data/projects/GM-100/benchmark/benchmark_v1_frames_t6binary_20260324/task_00027_23_1177_camera_top.jpg,/data/projects/GM-100/benchmark/benchmark_v1_frames_t6binary_20260324/task_00027_23_899_camera_top.jpg,模型确实不会,,,YZX
4841,task_00053,113,single_right,camera_top,XZY,YZX,"[1048, 521, 199]","[""Y"", ""Z"", ""X""]",322,527,849,"[4, 3, 0]",/data/projects/GM-100/benchmark/benchmark_v1_frames_t6binary_20260324/task_00053_113_1048_camera_top.jpg,/data/projects/GM-100/benchmark/benchmark_v1_frames_t6binary_20260324/task_00053_113_521_camera_top.jpg,/data/projects/GM-100/benchmark/benchmark_v1_frames_t6binary_20260324/task_00053_113_199_camera_top.jpg,模型确实不会,,,YZX
6071,task_00021,104,bimanual_sequential,camera_top,XYZ,YZX,"[1104, 108, 195]","[""Z"", ""X"", ""Y""]",87,909,996,"[5, 2, 3]",/data/projects/GM-100/benchmark/benchmark_v1_frames_t6binary_20260324/task_00021_104_1104_camera_top.jpg,/data/projects/GM-100/benchmark/benchmark_v1_frames_t6binary_20260324/task_00021_104_108_camera_top.jpg,/data/projects/GM-100/benchmark/benchmark_v1_frames_t6binary_20260324/task_00021_104_195_camera_top.jpg,模型确实不会,,,YZX
11508,task_00075,91,bimanual_sync,camera_top,XYZ,YZX,"[408, 576, 25]","[""Y"", ""Z"", ""X""]",168,383,551,"[3, 4, 2]",/data/projects/GM-100/benchmark/benchmark_v1_frames_t6binary_20260324/task_00075_91_408_camera_top.jpg,/data/projects/GM-100/benchmark/benchmark_v1_frames_t6binary_20260324/task_00075_91_576_camera_top.jpg,/data/projects/GM-100/benchmark/benchmark_v1_frames_t6binary_20260324/task_00075_91_25_camera_top.jpg,模型确实不会,,,YZX
1633,task_00092,43,bimanual_sequential,camera_top,XZY,YXZ,"[1011, 194, 717]","[""Y"", ""X"", ""Z""]",294,523,817,"[5, 0, 3]",/data/projects/GM-100/benchmark/benchmark_v1_frames_t6binary_20260324/task_00092_43_1011_camera_top.jpg,/data/projects/GM-100/benchmark/benchmark_v1_frames_t6binary_20260324/task_00092_43_194_camera_top.jpg,/data/projects/GM-100/benchmark/benchmark_v1_frames_t6binary_20260324/task_00092_43_717_camera_top.jpg,模型确实不会,,,YXZ
9703,task_00012,133,bimanual_sync,camera_top,XZY,YXZ,"[821, 165, 347]","[""Y"", ""X"", ""Z""]",182,474,656,"[4, 1, 3]",/data/projects/GM-100/benchmark/benchmark_v1_frames_t6binary_20260324/task_00012_133_821_camera_top.jpg,/data/projects/GM-100/benchmark/benchmark_v1_frames_t6binary_20260324/task_00012_133_165_camera_top.jpg,/data/projects/GM-100/benchmark/benchmark_v1_frames_t6binary_20260324/task_00012_133_347_camera_top.jpg,模型确实不会,,,YXZ
7883,task_00072,106,bimanual_sequential,camera_top,ZYX,ZXY,"[149, 379, 274]","[""Z"", ""X"", ""Y""]",105,125,230,"[3, 4, 1]",/data/projects/GM-100/benchmark/benchmark_v1_frames_t6binary_20260324/task_00072_106_149_camera_top.jpg,/data/projects/GM-100/benchmark/benchmark_v1_frames_t6binary_20260324/task_00072_106_379_camera_top.jpg,/data/projects/GM-100/benchmark/benchmark_v1_frames_t6binary_20260324/task_00072_106_274_camera_top.jpg,模型确实不会,,,ZXY
12718,task_00086,0,single_left,camera_top,ZYX,ZXY,"[146, 409, 201]","[""Z"", ""X"", ""Y""]",55,208,263,"[3, 5, 4]",/data/projects/GM-100/benchmark/benchmark_v1_frames_t6binary_20260324/task_00086_0_146_camera_top.jpg,/data/projects/GM-100/benchmark/benchmark_v1_frames_t6binary_20260324/task_00086_0_409_camera_top.jpg,/data/projects/GM-100/benchmark/benchmark_v1_frames_t6binary_20260324/task_00086_0_201_camera_top.jpg,模型确实不会,,,ZXY
6646,task_00056,71,bimanual_sync,camera_top,YXZ,ZXY,"[1382, 953, 916]","[""Z"", ""X"", ""Y""]",37,429,466,"[5, 3, 4]",/data/projects/GM-100/benchmark/benchmark_v1_frames_t6binary_20260324/task_00056_71_1382_camera_top.jpg,/data/projects/GM-100/benchmark/benchmark_v1_frames_t6binary_20260324/task_00056_71_953_camera_top.jpg,/data/projects/GM-100/benchmark/benchmark_v1_frames_t6binary_20260324/task_00056_71_916_camera_top.jpg,模型确实不会,,,ZXY
12435,task_00081,67,bimanual_sequential,camera_top,YXZ,ZXY,"[1554, 964, 586]","[""Z"", ""X"", ""Y""]",378,590,968,"[5, 4, 3]",/data/projects/GM-100/benchmark/benchmark_v1_frames_t6binary_20260324/task_00081_67_1554_camera_top.jpg,/data/projects/GM-100/benchmark/benchmark_v1_frames_t6binary_20260324/task_00081_67_964_camera_top.jpg,/data/projects/GM-100/benchmark/benchmark_v1_frames_t6binary_20260324/task_00081_67_586_camera_top.jpg,模型确实不会,,,ZXY
6409,task_00018,21,bimanual_sequential,camera_top,XYZ,ZXY,"[985, 149, 597]","[""Z"", ""X"", ""Y""]",388,448,836,"[5, 1, 4]",/data/projects/GM-100/benchmark/benchmark_v1_frames_t6binary_20260324/task_00018_21_985_camera_top.jpg,/data/projects/GM-100/benchmark/benchmark_v1_frames_t6binary_20260324/task_00018_21_149_camera_top.jpg,/data/projects/GM-100/benchmark/benchmark_v1_frames_t6binary_20260324/task_00018_21_597_camera_top.jpg,模型确实不会,,,ZXY
8052,task_00027,18,bimanual_sequential,camera_top,YZX,ZXY,"[1334, 1439, 1268]","[""Z"", ""X"", ""Y""]",66,105,171,"[2, 5, 4]",/data/projects/GM-100/benchmark/benchmark_v1_frames_t6binary_20260324/task_00027_18_1334_camera_top.jpg,/data/projects/GM-100/benchmark/benchmark_v1_frames_t6binary_20260324/task_00027_18_1439_camera_top.jpg,/data/projects/GM-100/benchmark/benchmark_v1_frames_t6binary_20260324/task_00027_18_1268_camera_top.jpg,模型确实不会,,,ZXY
5632,task_00021,73,bimanual_sequential,camera_top,XZY,ZXY,"[1844, 294, 2838]","[""Z"", ""X"", ""Y""]",994,1550,2544,"[4, 0, 2]",/data/projects/GM-100/benchmark/benchmark_v1_frames_t6binary_20260324/task_00021_73_1844_camera_top.jpg,/data/projects/GM-100/benchmark/benchmark_v1_frames_t6binary_20260324/task_00021_73_294_camera_top.jpg,/data/projects/GM-100/benchmark/benchmark_v1_frames_t6binary_20260324/task_00021_73_2838_camera_top.jpg,模型确实不会,,,ZXY
